sample,slide,mpp,reader
A_BU_normal_01,syn://syn53640552,0.5031,
A_BU_normal_02,syn://syn53640834,0.5,
A_BU_normal_03,syn://syn53640864,0.5,
A_BU_normal_04,syn://syn53640877,0.5,
A_BU_normal_05,syn://syn53640879,0.5,
A_BU_normal_06,syn://syn53640898,0.5,
A_BU_normal_07,syn://syn53640913,0.5,
A_BU_normal_08,syn://syn53640921,0.5,
A_BU_normal_09,syn://syn53640933,0.5,
A_BU_normal_10,syn://syn53640950,0.5,
A_BU_normal_11,syn://syn53640956,0.5,
A_BU_normal_12,syn://syn53640961,0.5,
A_BU_normal_13,syn://syn53640970,0.5,
A_BU_normal_14,syn://syn53641012,0.5,
A_BU_normal_15,syn://syn53641044,0.5,
A_BU_normal_16,syn://syn53641061,0.5,
A_BU_normal_17,syn://syn53641062,0.5,
A_BU_normal_18,syn://syn53641114,0.5,
A_BU_normadj_01,syn://syn53640513,0.5031,
A_BU_normadj_02,syn://syn53640534,0.5031,
A_BU_normadj_03,syn://syn53640542,0.5031,
A_BU_normadj_04,syn://syn53640545,0.5031,
A_BU_normadj_05,syn://syn53640556,0.5031,
A_BU_normadj_06,syn://syn53640558,0.5031,
A_BU_normadj_07,syn://syn53640567,0.5031,
A_BU_normadj_08,syn://syn53640576,0.5031,
A_BU_normadj_09,syn://syn53640589,0.5031,
A_BU_normadj_10,syn://syn53640596,0.5031,
A_BU_normadj_11,syn://syn53640601,0.5031,
A_BU_normadj_12,syn://syn53640605,0.5031,
A_BU_normadj_13,syn://syn53640609,0.5031,
A_BU_normadj_14,syn://syn53640618,0.5031,
A_BU_normadj_15,syn://syn53640623,0.5031,
A_BU_normadj_16,syn://syn53640632,0.5031,
A_BU_normadj_17,syn://syn53640725,0.5031,
A_BU_normadj_18,syn://syn53640760,0.5031,
A_BU_atypia_01,syn://syn53640509,0.5031,
A_BU_atypia_02,syn://syn53640517,0.5031,
A_BU_atypia_03,syn://syn53640531,0.5031,
A_BU_atypia_04,syn://syn53640538,0.5031,
A_BU_atypia_05,syn://syn53640539,0.5031,
A_BU_atypia_06,syn://syn53640546,0.5031,
A_BU_atypia_07,syn://syn53640559,0.5031,
A_BU_atypia_08,syn://syn53640590,0.5031,
A_BU_atypia_09,syn://syn53640595,0.5031,
A_BU_atypia_10,syn://syn53640602,0.5031,
A_BU_atypia_11,syn://syn53640620,0.5031,
A_BU_atypia_12,syn://syn53640693,0.5031,
A_BU_atypia_13,syn://syn53640698,0.5031,
A_BU_atypia_14,syn://syn53640709,0.5031,
A_BU_atypia_15,syn://syn53640716,0.5031,
A_BU_atypia_16,syn://syn53640721,0.5031,
A_BU_atypia_17,syn://syn53640767,0.5031,
A_BU_atypia_18,syn://syn53640780,0.4935,
A_BU_premal_01,syn://syn52919500,0.5,
A_BU_premal_02,syn://syn53640510,0.5031,
A_BU_premal_03,syn://syn53640520,0.5031,
A_BU_premal_04,syn://syn53640523,0.5031,
A_BU_premal_05,syn://syn53640529,0.5031,
A_BU_premal_06,syn://syn53640537,0.5031,
A_BU_premal_07,syn://syn53640541,0.5031,
A_BU_premal_08,syn://syn53640549,0.5031,
A_BU_premal_09,syn://syn53640562,0.5031,
A_BU_premal_10,syn://syn53640563,0.5031,
A_BU_premal_11,syn://syn53640574,0.5031,
A_BU_premal_12,syn://syn53640578,0.5031,
A_BU_premal_13,syn://syn53640592,0.5031,
A_BU_premal_14,syn://syn53640600,0.5031,
A_BU_premal_15,syn://syn53640608,0.5031,
A_BU_premal_16,syn://syn53640616,0.5031,
A_BU_premal_17,syn://syn53640626,0.5031,
A_BU_premal_18,syn://syn53640628,0.5031,
A_BU_insitu_01,syn://syn53640762,0.5,
A_BU_insitu_02,syn://syn53640790,0.4935,
A_BU_insitu_03,syn://syn53640803,0.5031,
A_BU_insitu_04,syn://syn53640923,0.5,
A_BU_insitu_05,syn://syn58924217,0.5031,
A_BU_insitu_06,syn://syn58924240,0.5031,
A_BU_insitu_07,syn://syn58924251,0.5031,
A_BU_insitu_08,syn://syn58924284,0.5031,
A_BU_insitu_09,syn://syn58924298,0.5031,
A_BU_insitu_10,syn://syn58924351,0.5031,
A_BU_insitu_11,syn://syn58924369,0.5031,
A_BU_insitu_12,syn://syn58924438,0.5031,
A_BU_insitu_13,syn://syn58924444,0.5031,
A_BU_insitu_14,syn://syn58924454,0.5031,
A_BU_insitu_15,syn://syn58924466,0.5031,
A_BU_insitu_16,syn://syn58924472,0.5031,
A_BU_insitu_17,syn://syn58924479,0.5031,
A_BU_insitu_18,syn://syn58924498,0.5031,
A_BU_primary_01,syn://syn53640518,0.5031,
A_BU_primary_02,syn://syn53640763,0.4935,
A_BU_primary_03,syn://syn53640775,0.5031,
A_BU_primary_04,syn://syn53640784,0.5031,
A_BU_primary_05,syn://syn53640794,0.5031,
A_BU_primary_06,syn://syn53640806,0.5031,
A_BU_primary_07,syn://syn58924212,0.5031,
A_BU_primary_08,syn://syn58924243,0.5031,
A_BU_primary_09,syn://syn58924244,0.5031,
A_BU_primary_10,syn://syn58924250,0.5031,
A_BU_primary_11,syn://syn58924252,0.5031,
A_BU_primary_12,syn://syn58924268,0.5031,
A_BU_primary_13,syn://syn58924279,0.5031,
A_BU_primary_14,syn://syn58924301,0.5031,
A_BU_primary_15,syn://syn58924326,0.5031,
A_BU_primary_16,syn://syn58924341,0.5031,
A_BU_primary_17,syn://syn58924353,0.5031,
A_BU_primary_18,syn://syn58924363,0.5031,
B_Vanderbilt_normal_01,syn://syn25054776,0.25,image
B_Vanderbilt_normal_02,syn://syn25060047,0.25,image
B_Vanderbilt_atypia_01,syn://syn25054704,0.25,image
B_Vanderbilt_atypia_02,syn://syn25056250,0.25,image
B_Vanderbilt_atypia_03,syn://syn25059811,0.25,image
B_Vanderbilt_atypia_04,syn://syn25060127,0.25,image
B_Vanderbilt_atypia_05,syn://syn25070644,0.25,image
B_Vanderbilt_atypia_06,syn://syn25071129,0.25,image
B_Vanderbilt_premal_01,syn://syn25055779,0.25,image
B_Vanderbilt_premal_02,syn://syn25055797,0.25,image
B_Vanderbilt_premal_03,syn://syn25055851,0.25,image
B_Vanderbilt_premal_04,syn://syn25055895,0.25,image
B_Vanderbilt_premal_05,syn://syn25056300,0.25,image
B_Vanderbilt_premal_06,syn://syn25060077,0.25,image
B_Vanderbilt_premal_07,syn://syn25060163,0.25,image
B_Vanderbilt_primary_01,syn://syn68383000,0.2525,
B_Vanderbilt_primary_02,syn://syn68383004,0.2525,
B_Vanderbilt_primary_03,syn://syn68383006,0.2525,
B_Vanderbilt_primary_04,syn://syn68383007,0.2525,
B_Vanderbilt_primary_05,syn://syn68383008,0.2525,
B_Vanderbilt_primary_06,syn://syn68383009,0.2525,
B_Vanderbilt_primary_07,syn://syn68383011,0.2525,
B_Vanderbilt_primary_08,syn://syn68383013,0.2525,
B_Vanderbilt_primary_09,syn://syn68383014,0.2525,
B_Vanderbilt_primary_10,syn://syn68383016,0.2525,
B_Vanderbilt_primary_11,syn://syn68383019,0.2525,
B_Vanderbilt_primary_12,syn://syn68383021,0.2525,
C_Duke_primary_01,syn://syn27056837,0.161,image
C_Duke_primary_02,syn://syn52289971,0.161,
C_WUSTL_primary_01,syn://syn27393120,0.5053,
C_HMS_primary_01,syn://syn68627335,,
C_HMS_primary_02,syn://syn68629518,0.1369,
C_Duke_primary_03,syn://syn27056838,0.161,image
C_Duke_primary_04,syn://syn52289972,0.161,
C_WUSTL_primary_02,syn://syn27393123,0.5053,
C_HMS_primary_03,syn://syn68627338,,
C_Duke_primary_05,syn://syn27056840,0.161,image
C_Duke_primary_06,syn://syn52289973,0.161,
C_WUSTL_primary_03,syn://syn27393124,0.5053,
C_HMS_primary_04,syn://syn68627339,,
C_Duke_primary_07,syn://syn27056841,0.161,image
C_Duke_primary_08,syn://syn52289974,0.161,
C_WUSTL_primary_04,syn://syn27393131,0.5053,
C_HMS_primary_05,syn://syn68627341,,
C_Duke_primary_09,syn://syn27056842,0.161,image
C_Duke_primary_10,syn://syn52289975,0.161,
C_WUSTL_primary_05,syn://syn27393133,0.5053,
C_HMS_primary_06,syn://syn68627342,,
C_Duke_primary_11,syn://syn27056843,0.161,image
C_Duke_primary_12,syn://syn52289976,0.161,
C_WUSTL_primary_06,syn://syn27393138,0.5053,
C_HMS_primary_07,syn://syn68627343,,
C_Duke_primary_13,syn://syn27056844,0.161,image
C_Duke_primary_14,syn://syn52289977,0.161,
C_WUSTL_primary_07,syn://syn27393156,0.5053,
C_HMS_primary_08,syn://syn68627344,,
C_Duke_primary_15,syn://syn27056845,0.161,image
C_Duke_primary_16,syn://syn52289978,0.161,
C_WUSTL_primary_08,syn://syn27393178,0.5053,
C_HMS_primary_09,syn://syn68627346,,
C_Duke_primary_17,syn://syn27056846,0.161,image
C_Duke_primary_18,syn://syn52289979,0.161,
C_WUSTL_primary_09,syn://syn27393191,0.5053,
C_HMS_primary_10,syn://syn68627347,,
C_Duke_primary_19,syn://syn27056847,0.161,image
C_Duke_primary_20,syn://syn52289980,0.161,
C_WUSTL_primary_10,syn://syn27393199,0.5053,
C_HMS_primary_11,syn://syn68627348,,
C_Duke_primary_21,syn://syn27056848,0.161,image
C_Duke_primary_22,syn://syn52289981,0.161,
C_WUSTL_primary_11,syn://syn27393207,0.5053,
C_Duke_primary_23,syn://syn27056849,0.161,image
AP_BU_atypia_01,syn://syn53640547,0.5031,
AP_BU_premal_01,syn://syn53640832,0.5,
AP_BU_premal_02,syn://syn53640861,0.5,
AP_BU_premal_03,syn://syn53640876,0.5,
AP_BU_premal_04,syn://syn53640880,0.5,
AP_BU_premal_05,syn://syn53640893,0.5,
AP_BU_premal_06,syn://syn53640903,0.5,
AP_BU_insitu_01,syn://syn53640924,0.5,
